"Country or Area","Subgroup","Year","Source","Unit","Value","Value Footnotes"
"Afghanistan","Female 15-24 yr","2000","UNSD_MDGInfo CDROM_Oct2007 (National figure)","Percent","18.4","1"
"Afghanistan","Male 15-24 yr","2000","UNSD_MDGInfo CDROM_Oct2007 (National figure)","Percent","50.8","1"
"Albania","Female 15-24 yr","2001","UNSD_MDGInfo CDROM_Oct2007 (National figure)","Percent","99.5","2"
"Albania","Male 15-24 yr","2001","UNSD_MDGInfo CDROM_Oct2007 (National figure)","Percent","99.4","2"
"Algeria","Female 15-24 yr","2002","UNSD_MDGInfo CDROM_Oct2007 (National figure)","Percent","86.1","1"
"Algeria","Male 15-24 yr","2002","UNSD_MDGInfo CDROM_Oct2007 (National figure)","Percent","94.1","1"
"Angola","Female 15-24 yr","2001","UNSD_MDGInfo CDROM_Oct2007 (National figure)","Percent","63.2","1"
"Angola","Male 15-24 yr","2001","UNSD_MDGInfo CDROM_Oct2007 (National figure)","Percent","83.7","1"
"Argentina","Female 15-24 yr","2001","UNSD_MDGInfo CDROM_Oct2007 (National figure)","Percent","99.1","2"
"Argentina","Female 15-24 yr","1991","UNSD_MDGInfo CDROM_Oct2007 (National figure)","Percent","98.5","2"
"Argentina","Male 15-24 yr","2001","UNSD_MDGInfo CDROM_Oct2007 (National figure)","Percent","98.7","2"
"Argentina","Male 15-24 yr","1991","UNSD_MDGInfo CDROM_Oct2007 (National figure)","Percent","98.1","2"
"Armenia","Female 15-24 yr","2001","UNSD_MDGInfo CDROM_Oct2007 (National figure)","Percent","99.9","2"
"Armenia","Male 15-24 yr","2001","UNSD_MDGInfo CDROM_Oct2007 (National figure)","Percent","99.8","2"
"Aruba","Female 15-24 yr","2000","UNSD_MDGInfo CDROM_Oct2007 (National figure)","Percent","99.2","2"
"Aruba","Male 15-24 yr","2000","UNSD_MDGInfo CDROM_Oct2007 (National figure)","Percent","98.9","2"
"Azerbaijan","Female 15-24 yr","1999","UNSD_MDGInfo CDROM_Oct2007 (National figure)","Percent","99.9","2"
"Azerbaijan","Male 15-24 yr","1999","UNSD_MDGInfo CDROM_Oct2007 (National figure)","Percent","99.9","2"
"Bahrain","Female 15-24 yr","2001","UNSD_MDGInfo CDROM_Oct2007 (National figure)","Percent","97.3","2"
"Bahrain","Female 15-24 yr","1991","UNSD_MDGInfo CDROM_Oct2007 (National figure)","Percent","96.6","2"
"Bahrain","Male 15-24 yr","2001","UNSD_MDGInfo CDROM_Oct2007 (National figure)","Percent","96.8","2"
"Bahrain","Male 15-24 yr","1991","UNSD_MDGInfo CDROM_Oct2007 (National figure)","Percent","97.3","2"
"Bangladesh","Female 15-24 yr","2001","UNSD_MDGInfo CDROM_Oct2007 (National figure)","Percent","60.3","2"
"Bangladesh","Female 15-24 yr","1991","UNSD_MDGInfo CDROM_Oct2007 (National figure)","Percent","38.0","2"
"Bangladesh","Male 15-24 yr","2001","UNSD_MDGInfo CDROM_Oct2007 (National figure)","Percent","67.2","2"
"Bangladesh","Male 15-24 yr","1991","UNSD_MDGInfo CDROM_Oct2007 (National figure)","Percent","51.7","2"
"Belarus","Female 15-24 yr","1999","UNSD_MDGInfo CDROM_Oct2007 (National figure)","Percent","99.8","2"
"Belarus","Male 15-24 yr","1999","UNSD_MDGInfo CDROM_Oct2007 (National figure)","Percent","99.8","2"
"Belize","Female 15-24 yr","1991","UNSD_MDGInfo CDROM_Oct2007 (National figure)","Percent","76.7","2"
"Belize","Male 15-24 yr","1991","UNSD_MDGInfo CDROM_Oct2007 (National figure)","Percent","76.1","2"
"Benin","Female 15-24 yr","2002","UNSD_MDGInfo CDROM_Oct2007 (National figure)","Percent","33.2","2"
"Benin","Female 15-24 yr","1992","UNSD_MDGInfo CDROM_Oct2007 (National figure)","Percent","26.7","2"
"Benin","Male 15-24 yr","2002","UNSD_MDGInfo CDROM_Oct2007 (National figure)","Percent","59.2","2"
"Benin","Male 15-24 yr","1992","UNSD_MDGInfo CDROM_Oct2007 (National figure)","Percent","55.1","2"
"Bolivia","Female 15-24 yr","2001","UNSD_MDGInfo CDROM_Oct2007 (National figure)","Percent","96.1","2"
"Bolivia","Female 15-24 yr","1992","UNSD_MDGInfo CDROM_Oct2007 (National figure)","Percent","91.6","2"
"Bolivia","Male 15-24 yr","2001","UNSD_MDGInfo CDROM_Oct2007 (National figure)","Percent","98.5","2"
"Bolivia","Male 15-24 yr","1992","UNSD_MDGInfo CDROM_Oct2007 (National figure)","Percent","96.3","2"
"Bosnia and Herzegovina","Female 15-24 yr","2000","UNSD_MDGInfo CDROM_Oct2007 (National figure)","Percent","99.8","1"
"Bosnia and Herzegovina","Male 15-24 yr","2000","UNSD_MDGInfo CDROM_Oct2007 (National figure)","Percent","99.7","1"
"Botswana","Female 15-24 yr","2003","UNSD_MDGInfo CDROM_Oct2007 (National figure)","Percent","95.6","1"
"Botswana","Female 15-24 yr","1991","UNSD_MDGInfo CDROM_Oct2007 (National figure)","Percent","92.3","2"
"Botswana","Male 15-24 yr","2003","UNSD_MDGInfo CDROM_Oct2007 (National figure)","Percent","92.1","1"
"Botswana","Male 15-24 yr","1991","UNSD_MDGInfo CDROM_Oct2007 (National figure)","Percent","85.9","2"
"Brazil","Female 15-24 yr","2004","UNSD_MDGInfo CDROM_Oct2007 (National figure)","Percent","97.9","1"
"Brazil","Female 15-24 yr","2000","UNSD_MDGInfo CDROM_Oct2007 (National figure)","Percent","95.7","2"
"Brazil","Male 15-24 yr","2004","UNSD_MDGInfo CDROM_Oct2007 (National figure)","Percent","95.8","1"
"Brazil","Male 15-24 yr","2000","UNSD_MDGInfo CDROM_Oct2007 (National figure)","Percent","92.7","2"
"Brunei","Female 15-24 yr","2001","UNSD_MDGInfo CDROM_Oct2007 (National figure)","Percent","98.9","2"
"Brunei","Female 15-24 yr","1991","UNSD_MDGInfo CDROM_Oct2007 (National figure)","Percent","98.1","2"
"Brunei","Male 15-24 yr","2001","UNSD_MDGInfo CDROM_Oct2007 (National figure)","Percent","98.9","2"
"Brunei","Male 15-24 yr","1991","UNSD_MDGInfo CDROM_Oct2007 (National figure)","Percent","98.1","2"
"Bulgaria","Female 15-24 yr","2001","UNSD_MDGInfo CDROM_Oct2007 (National figure)","Percent","98.1","2"
"Bulgaria","Male 15-24 yr","2001","UNSD_MDGInfo CDROM_Oct2007 (National figure)","Percent","98.3","2"
"Burkina Faso","Female 15-24 yr","2005","UNSD_MDGInfo CDROM_Oct2007 (National figure)","Percent","26.5","1"
"Burkina Faso","Female 15-24 yr","2003","UNSD_MDGInfo CDROM_Oct2007 (National figure)","Percent","24.8","1"
"Burkina Faso","Female 15-24 yr","1996","UNSD_MDGInfo CDROM_Oct2007 (National figure)","Percent","14.0","2"
"Burkina Faso","Female 15-24 yr","1991","UNSD_MDGInfo CDROM_Oct2007 (National figure)","Percent","14.2","2"
"Burkina Faso","Male 15-24 yr","2005","UNSD_MDGInfo CDROM_Oct2007 (National figure)","Percent","40.4","1"
"Burkina Faso","Male 15-24 yr","2003","UNSD_MDGInfo CDROM_Oct2007 (National figure)","Percent","38.4","1"
"Burkina Faso","Male 15-24 yr","1996","UNSD_MDGInfo CDROM_Oct2007 (National figure)","Percent","25.5","2"
"Burkina Faso","Male 15-24 yr","1991","UNSD_MDGInfo CDROM_Oct2007 (National figure)","Percent","26.8","2"
"Burundi","Female 15-24 yr","2000","UNSD_MDGInfo CDROM_Oct2007 (National figure)","Percent","70.4","1"
"Burundi","Female 15-24 yr","1990","UNSD_MDGInfo CDROM_Oct2007 (National figure)","Percent","48.0","2"
"Burundi","Male 15-24 yr","2000","UNSD_MDGInfo CDROM_Oct2007 (National figure)","Percent","76.8","1"
"Burundi","Male 15-24 yr","1990","UNSD_MDGInfo CDROM_Oct2007 (National figure)","Percent","59.5","2"
"Cambodia","Female 15-24 yr","2004","UNSD_MDGInfo CDROM_Oct2007 (National figure)","Percent","78.9","1"
"Cambodia","Female 15-24 yr","1998","UNSD_MDGInfo CDROM_Oct2007 (National figure)","Percent","71.1","2"
"Cambodia","Male 15-24 yr","2004","UNSD_MDGInfo CDROM_Oct2007 (National figure)","Percent","87.9","1"
"Cambodia","Male 15-24 yr","1998","UNSD_MDGInfo CDROM_Oct2007 (National figure)","Percent","81.8","2"
"Cape Verde","Female 15-24 yr","2004","UNSD_MDGInfo CDROM_Oct2007 (International estimate)","Percent","96.7","3"
"Cape Verde","Female 15-24 yr","1990","UNSD_MDGInfo CDROM_Oct2007 (National figure)","Percent","86.4","2"
"Cape Verde","Male 15-24 yr","2004","UNSD_MDGInfo CDROM_Oct2007 (International estimate)","Percent","95.8","3"
"Cape Verde","Male 15-24 yr","1990","UNSD_MDGInfo CDROM_Oct2007 (National figure)","Percent","89.9","2"
"Central African Republic","Female 15-24 yr","2000","UNSD_MDGInfo CDROM_Oct2007 (National figure)","Percent","46.9","1"
"Central African Republic","Male 15-24 yr","2000","UNSD_MDGInfo CDROM_Oct2007 (National figure)","Percent","70.3","1"
"Chad","Female 15-24 yr","2000","UNSD_MDGInfo CDROM_Oct2007 (National figure)","Percent","23.2","1"
"Chad","Male 15-24 yr","2000","UNSD_MDGInfo CDROM_Oct2007 (National figure)","Percent","55.7","1"
"Chile","Female 15-24 yr","2002","UNSD_MDGInfo CDROM_Oct2007 (National figure)","Percent","99.2","2"
"Chile","Female 15-24 yr","1992","UNSD_MDGInfo CDROM_Oct2007 (National figure)","Percent","98.7","2"
"Chile","Male 15-24 yr","2002","UNSD_MDGInfo CDROM_Oct2007 (National figure)","Percent","98.8","2"
"Chile","Male 15-24 yr","1992","UNSD_MDGInfo CDROM_Oct2007 (National figure)","Percent","98.2","2"
"China","Female 15-24 yr","2000","UNSD_MDGInfo CDROM_Oct2007 (National figure)","Percent","98.5","2"
"China","Female 15-24 yr","1990","UNSD_MDGInfo CDROM_Oct2007 (National figure)","Percent","91.5","2"
"China","Male 15-24 yr","2000","UNSD_MDGInfo CDROM_Oct2007 (National figure)","Percent","99.2","2"
"China","Male 15-24 yr","1990","UNSD_MDGInfo CDROM_Oct2007 (National figure)","Percent","97.0","2"
"Colombia","Female 15-24 yr","2005","UNSD_MDGInfo CDROM_Oct2007 (National figure)","Percent","98.4","1"
"Colombia","Female 15-24 yr","2004","UNSD_MDGInfo CDROM_Oct2007 (National figure)","Percent","98.4","1"
"Colombia","Female 15-24 yr","1996","UNSD_MDGInfo CDROM_Oct2007 (National figure)","Percent","97.6","1"
"Colombia","Female 15-24 yr","1993","UNSD_MDGInfo CDROM_Oct2007 (National figure)","Percent","91.8","2"
"Colombia","Male 15-24 yr","2005","UNSD_MDGInfo CDROM_Oct2007 (National figure)","Percent","97.5","1"
"Colombia","Male 15-24 yr","2004","UNSD_MDGInfo CDROM_Oct2007 (National figure)","Percent","97.6","1"
"Colombia","Male 15-24 yr","1996","UNSD_MDGInfo CDROM_Oct2007 (National figure)","Percent","96.4","1"
"Colombia","Male 15-24 yr","1993","UNSD_MDGInfo CDROM_Oct2007 (National figure)","Percent","89.4","2"
"Congo","Female 15-24 yr","2004","UNSD_MDGInfo CDROM_Oct2007 (International estimate)","Percent","96.5","3"
"Congo","Female 15-24 yr","1994","UNSD_MDGInfo CDROM_Oct2007 (International estimate)","Percent","91.3","3"
"Congo","Male 15-24 yr","2004","UNSD_MDGInfo CDROM_Oct2007 (International estimate)","Percent","98.4","3"
"Congo","Male 15-24 yr","1994","UNSD_MDGInfo CDROM_Oct2007 (International estimate)","Percent","96.1","3"
"Congo Dem. Rep.","Female 15-24 yr","2001","UNSD_MDGInfo CDROM_Oct2007 (National figure)","Percent","63.1","1"
"Congo Dem. Rep.","Male 15-24 yr","2001","UNSD_MDGInfo CDROM_Oct2007 (National figure)","Percent","78.0","1"
"Costa Rica","Female 15-24 yr","2000","UNSD_MDGInfo CDROM_Oct2007 (National figure)","Percent","98.0","2"
"Costa Rica","Male 15-24 yr","2000","UNSD_MDGInfo CDROM_Oct2007 (National figure)","Percent","97.2","2"
"Côte d’Ivoire","Female 15-24 yr","2000","UNSD_MDGInfo CDROM_Oct2007 (National figure)","Percent","52.1","1"
"Côte d’Ivoire","Male 15-24 yr","2000","UNSD_MDGInfo CDROM_Oct2007 (National figure)","Percent","70.8","1"
"Croatia","Female 15-24 yr","2001","UNSD_MDGInfo CDROM_Oct2007 (National figure)","Percent","99.7","2"
"Croatia","Female 15-24 yr","1991","UNSD_MDGInfo CDROM_Oct2007 (National figure)","Percent","99.6","2"
"Croatia","Male 15-24 yr","2001","UNSD_MDGInfo CDROM_Oct2007 (National figure)","Percent","99.6","2"
"Croatia","Male 15-24 yr","1991","UNSD_MDGInfo CDROM_Oct2007 (National figure)","Percent","99.7","2"
"Cuba","Female 15-24 yr","2002","UNSD_MDGInfo CDROM_Oct2007 (National figure)","Percent","100.0","2"
"Cuba","Male 15-24 yr","2002","UNSD_MDGInfo CDROM_Oct2007 (National figure)","Percent","100.0","2"
"Cyprus","Female 15-24 yr","2001","UNSD_MDGInfo CDROM_Oct2007 (National figure)","Percent","99.8","2"
"Cyprus","Female 15-24 yr","1992","UNSD_MDGInfo CDROM_Oct2007 (National figure)","Percent","99.7","2"
"Cyprus","Male 15-24 yr","2001","UNSD_MDGInfo CDROM_Oct2007 (National figure)","Percent","99.7","2"
"Cyprus","Male 15-24 yr","1992","UNSD_MDGInfo CDROM_Oct2007 (National figure)","Percent","99.6","2"
"Dominican Republic","Female 15-24 yr","2002","UNSD_MDGInfo CDROM_Oct2007 (National figure)","Percent","95.4","2"
"Dominican Republic","Male 15-24 yr","2002","UNSD_MDGInfo CDROM_Oct2007 (National figure)","Percent","93.0","2"
"Ecuador","Female 15-24 yr","2001","UNSD_MDGInfo CDROM_Oct2007 (National figure)","Percent","96.5","2"
"Ecuador","Female 15-24 yr","1990","UNSD_MDGInfo CDROM_Oct2007 (National figure)","Percent","95.8","2"
"Ecuador","Male 15-24 yr","2001","UNSD_MDGInfo CDROM_Oct2007 (National figure)","Percent","96.4","2"
"Ecuador","Male 15-24 yr","1990","UNSD_MDGInfo CDROM_Oct2007 (National figure)","Percent","96.6","2"
"Egypt","Female 15-24 yr","2005","UNSD_MDGInfo CDROM_Oct2007 (National figure)","Percent","78.9","1"
"Egypt","Female 15-24 yr","1996","UNSD_MDGInfo CDROM_Oct2007 (National figure)","Percent","66.9","2"
"Egypt","Male 15-24 yr","2005","UNSD_MDGInfo CDROM_Oct2007 (National figure)","Percent","90.1","1"
"Egypt","Male 15-24 yr","1996","UNSD_MDGInfo CDROM_Oct2007 (National figure)","Percent","79.0","2"
"El Salvador","Female 15-24 yr","2004","UNSD_MDGInfo CDROM_Oct2007 (International estimate)","Percent","90.3","3"
"El Salvador","Female 15-24 yr","1992","UNSD_MDGInfo CDROM_Oct2007 (National figure)","Percent","84.9","2"
"El Salvador","Male 15-24 yr","2004","UNSD_MDGInfo CDROM_Oct2007 (International estimate)","Percent","86.6","3"
"El Salvador","Male 15-24 yr","1992","UNSD_MDGInfo CDROM_Oct2007 (National figure)","Percent","84.9","2"
"Equatorial Guinea","Female 15-24 yr","2000","UNSD_MDGInfo CDROM_Oct2007 (National figure)","Percent","94.9","1"
"Equatorial Guinea","Male 15-24 yr","2000","UNSD_MDGInfo CDROM_Oct2007 (National figure)","Percent","94.8","1"
"Estonia","Female 15-24 yr","2000","UNSD_MDGInfo CDROM_Oct2007 (National figure)","Percent","99.8","2"
"Estonia","Male 15-24 yr","2000","UNSD_MDGInfo CDROM_Oct2007 (National figure)","Percent","99.7","2"
"Ethiopia","Female 15-24 yr","2004","UNSD_MDGInfo CDROM_Oct2007 (International estimate)","Percent","33.8","3"
"Ethiopia","Female 15-24 yr","1994","UNSD_MDGInfo CDROM_Oct2007 (National figure)","Percent","28.1","2"
"Ethiopia","Male 15-24 yr","2004","UNSD_MDGInfo CDROM_Oct2007 (International estimate)","Percent","28.6","3"
"Ethiopia","Male 15-24 yr","1994","UNSD_MDGInfo CDROM_Oct2007 (National figure)","Percent","39.3","2"
"Gabon","Female 15-24 yr","2004","UNSD_MDGInfo CDROM_Oct2007 (International estimate)","Percent","95.1","3"
"Gabon","Female 15-24 yr","1993","UNSD_MDGInfo CDROM_Oct2007 (National figure)","Percent","92.1","2"
"Gabon","Male 15-24 yr","2004","UNSD_MDGInfo CDROM_Oct2007 (International estimate)","Percent","97.3","3"
"Gabon","Male 15-24 yr","1993","UNSD_MDGInfo CDROM_Oct2007 (National figure)","Percent","94.4","2"
"Ghana","Female 15-24 yr","2000","UNSD_MDGInfo CDROM_Oct2007 (National figure)","Percent","65.5","2"
"Ghana","Male 15-24 yr","2000","UNSD_MDGInfo CDROM_Oct2007 (National figure)","Percent","75.9","2"
"Greece","Female 15-24 yr","2001","UNSD_MDGInfo CDROM_Oct2007 (National figure)","Percent","99.0","2"
"Greece","Female 15-24 yr","1991","UNSD_MDGInfo CDROM_Oct2007 (National figure)","Percent","99.0","2"
"Greece","Male 15-24 yr","2001","UNSD_MDGInfo CDROM_Oct2007 (National figure)","Percent","98.9","2"
"Greece","Male 15-24 yr","1991","UNSD_MDGInfo CDROM_Oct2007 (National figure)","Percent","99.0","2"
"Guatemala","Female 15-24 yr","2002","UNSD_MDGInfo CDROM_Oct2007 (National figure)","Percent","78.4","2"
"Guatemala","Female 15-24 yr","1994","UNSD_MDGInfo CDROM_Oct2007 (National figure)","Percent","70.7","2"
"Guatemala","Male 15-24 yr","2002","UNSD_MDGInfo CDROM_Oct2007 (National figure)","Percent","86.4","2"
"Guatemala","Male 15-24 yr","1994","UNSD_MDGInfo CDROM_Oct2007 (National figure)","Percent","81.7","2"
"Guinea","Female 15-24 yr","2003","UNSD_MDGInfo CDROM_Oct2007 (National figure)","Percent","33.7","1"
"Guinea","Male 15-24 yr","2003","UNSD_MDGInfo CDROM_Oct2007 (National figure)","Percent","58.7","1"
"Honduras","Female 15-24 yr","2001","UNSD_MDGInfo CDROM_Oct2007 (National figure)","Percent","90.9","2"
"Honduras","Male 15-24 yr","2001","UNSD_MDGInfo CDROM_Oct2007 (National figure)","Percent","86.9","2"
"India","Female 15-24 yr","2001","UNSD_MDGInfo CDROM_Oct2007 (National figure)","Percent","67.7","4"
"India","Female 15-24 yr","1991","UNSD_MDGInfo CDROM_Oct2007 (National figure)","Percent","49.3","2"
"India","Male 15-24 yr","2001","UNSD_MDGInfo CDROM_Oct2007 (National figure)","Percent","84.2","4"
"India","Male 15-24 yr","1991","UNSD_MDGInfo CDROM_Oct2007 (National figure)","Percent","73.5","2"
"Indonesia","Female 15-24 yr","2004","UNSD_MDGInfo CDROM_Oct2007 (National figure)","Percent","98.5","1"
"Indonesia","Female 15-24 yr","1990","UNSD_MDGInfo CDROM_Oct2007 (National figure)","Percent","95.1","2"
"Indonesia","Male 15-24 yr","2004","UNSD_MDGInfo CDROM_Oct2007 (National figure)","Percent","98.9","1"
"Indonesia","Male 15-24 yr","1990","UNSD_MDGInfo CDROM_Oct2007 (National figure)","Percent","97.4","2"
"Iran","Female 15-24 yr","2005","UNSD_MDGInfo CDROM_Oct2007 (National figure)","Percent","96.7","1"
"Iran","Female 15-24 yr","1996","UNSD_MDGInfo CDROM_Oct2007 (National figure)","Percent","90.6","2"
"Iran","Female 15-24 yr","1991","UNSD_MDGInfo CDROM_Oct2007 (National figure)","Percent","81.2","2"
"Iran","Male 15-24 yr","2005","UNSD_MDGInfo CDROM_Oct2007 (National figure)","Percent","98.1","1"
"Iran","Male 15-24 yr","1996","UNSD_MDGInfo CDROM_Oct2007 (National figure)","Percent","95.5","2"
"Iran","Male 15-24 yr","1991","UNSD_MDGInfo CDROM_Oct2007 (National figure)","Percent","92.4","2"
"Iraq","Female 15-24 yr","2000","UNSD_MDGInfo CDROM_Oct2007 (National figure)","Percent","80.5","1"
"Iraq","Male 15-24 yr","2000","UNSD_MDGInfo CDROM_Oct2007 (National figure)","Percent","88.9","1"
"Israel","Female 15-24 yr","2004","UNSD_MDGInfo CDROM_Oct2007 (National figure)","Percent","99.6","1"
"Israel","Male 15-24 yr","2004","UNSD_MDGInfo CDROM_Oct2007 (National figure)","Percent","100.0","1"
"Italy","Female 15-24 yr","2001","UNSD_MDGInfo CDROM_Oct2007 (National figure)","Percent","99.8","2"
"Italy","Male 15-24 yr","2001","UNSD_MDGInfo CDROM_Oct2007 (National figure)","Percent","99.8","2"
"Jordan","Female 15-24 yr","2005","UNSD_MDGInfo CDROM_Oct2007 (National figure)","Percent","99.0","1"
"Jordan","Male 15-24 yr","2005","UNSD_MDGInfo CDROM_Oct2007 (National figure)","Percent","98.9","1"
"Kazakhstan","Female 15-24 yr","1999","UNSD_MDGInfo CDROM_Oct2007 (National figure)","Percent","99.9","2"
"Kazakhstan","Male 15-24 yr","1999","UNSD_MDGInfo CDROM_Oct2007 (National figure)","Percent","99.8","2"
"Kenya","Female 15-24 yr","2000","UNSD_MDGInfo CDROM_Oct2007 (National figure)","Percent","80.7","1"
"Kenya","Male 15-24 yr","2000","UNSD_MDGInfo CDROM_Oct2007 (National figure)","Percent","79.8","1"
"Kuwait","Female 15-24 yr","2005","UNSD_MDGInfo CDROM_Oct2007 (National figure)","Percent","99.8","2"
"Kuwait","Female 15-24 yr","1995","UNSD_MDGInfo CDROM_Oct2007 (National figure)","Percent","90.2","2"
"Kuwait","Male 15-24 yr","2005","UNSD_MDGInfo CDROM_Oct2007 (National figure)","Percent","99.7","2"
"Kuwait","Male 15-24 yr","1995","UNSD_MDGInfo CDROM_Oct2007 (National figure)","Percent","93.8","2"
"Kyrgyzstan","Female 15-24 yr","1999","UNSD_MDGInfo CDROM_Oct2007 (National figure)","Percent","99.7","2"
"Kyrgyzstan","Male 15-24 yr","1999","UNSD_MDGInfo CDROM_Oct2007 (National figure)","Percent","99.7","2"
"Lao PDR","Female 15-24 yr","2001","UNSD_MDGInfo CDROM_Oct2007 (National figure)","Percent","74.7","1"
"Lao PDR","Female 15-24 yr","1995","UNSD_MDGInfo CDROM_Oct2007 (National figure)","Percent","64.1","2"
"Lao PDR","Male 15-24 yr","2001","UNSD_MDGInfo CDROM_Oct2007 (National figure)","Percent","82.6","1"
"Lao PDR","Male 15-24 yr","1995","UNSD_MDGInfo CDROM_Oct2007 (National figure)","Percent","78.8","2"
"Latvia","Female 15-24 yr","2000","UNSD_MDGInfo CDROM_Oct2007 (National figure)","Percent","99.8","2"
"Latvia","Male 15-24 yr","2000","UNSD_MDGInfo CDROM_Oct2007 (National figure)","Percent","99.7","2"
"Liberia","Female 15-24 yr","2004","UNSD_MDGInfo CDROM_Oct2007 (International estimate)","Percent","69.5","3"
"Liberia","Female 15-24 yr","1994","UNSD_MDGInfo CDROM_Oct2007 (International estimate)","Percent","46.9","3"
"Liberia","Male 15-24 yr","2004","UNSD_MDGInfo CDROM_Oct2007 (International estimate)","Percent","65.3","3"
"Liberia","Male 15-24 yr","1994","UNSD_MDGInfo CDROM_Oct2007 (International estimate)","Percent","55.8","3"
"Libya","Female 15-24 yr","2004","UNSD_MDGInfo CDROM_Oct2007 (International estimate)","Percent","96.5","3"
"Libya","Female 15-24 yr","1994","UNSD_MDGInfo CDROM_Oct2007 (International estimate)","Percent","90.8","3"
"Libya","Male 15-24 yr","2004","UNSD_MDGInfo CDROM_Oct2007 (International estimate)","Percent","99.5","3"
"Libya","Male 15-24 yr","1994","UNSD_MDGInfo CDROM_Oct2007 (International estimate)","Percent","98.9","3"
"Lithuania","Female 15-24 yr","2001","UNSD_MDGInfo CDROM_Oct2007 (National figure)","Percent","99.7","2"
"Lithuania","Male 15-24 yr","2001","UNSD_MDGInfo CDROM_Oct2007 (National figure)","Percent","99.7","2"
"Macau SAR","Female 15-24 yr","2001","UNSD_MDGInfo CDROM_Oct2007 (National figure)","Percent","99.8","2"
"Macau SAR","Male 15-24 yr","2001","UNSD_MDGInfo CDROM_Oct2007 (National figure)","Percent","99.4","2"
"Macedonia","Female 15-24 yr","2002","UNSD_MDGInfo CDROM_Oct2007 (National figure)","Percent","98.5","2"
"Macedonia","Female 15-24 yr","1994","UNSD_MDGInfo CDROM_Oct2007 (National figure)","Percent","98.6","2"
"Macedonia","Male 15-24 yr","2002","UNSD_MDGInfo CDROM_Oct2007 (National figure)","Percent","99.0","2"
"Macedonia","Male 15-24 yr","1994","UNSD_MDGInfo CDROM_Oct2007 (National figure)","Percent","99.1","2"
"Madagascar","Female 15-24 yr","2000","UNSD_MDGInfo CDROM_Oct2007 (National figure)","Percent","68.2","1"
"Madagascar","Male 15-24 yr","2000","UNSD_MDGInfo CDROM_Oct2007 (National figure)","Percent","72.7","1"
"Malawi","Female 15-24 yr","1998","UNSD_MDGInfo CDROM_Oct2007 (National figure)","Percent","70.7","2"
"Malawi","Male 15-24 yr","1998","UNSD_MDGInfo CDROM_Oct2007 (National figure)","Percent","82.1","2"
"Malaysia","Female 15-24 yr","2000","UNSD_MDGInfo CDROM_Oct2007 (National figure)","Percent","97.3","2"
"Malaysia","Female 15-24 yr","1991","UNSD_MDGInfo CDROM_Oct2007 (National figure)","Percent","95.2","2"
"Malaysia","Male 15-24 yr","2000","UNSD_MDGInfo CDROM_Oct2007 (National figure)","Percent","97.2","2"
"Malaysia","Male 15-24 yr","1991","UNSD_MDGInfo CDROM_Oct2007 (National figure)","Percent","95.9","2"
"Maldives","Female 15-24 yr","2000","UNSD_MDGInfo CDROM_Oct2007 (National figure)","Percent","98.3","2"
"Maldives","Female 15-24 yr","1995","UNSD_MDGInfo CDROM_Oct2007 (National figure)","Percent","98.3","2"
"Maldives","Female 15-24 yr","1990","UNSD_MDGInfo CDROM_Oct2007 (National figure)","Percent","98.3","2"
"Maldives","Male 15-24 yr","2000","UNSD_MDGInfo CDROM_Oct2007 (National figure)","Percent","98.0","2"
"Maldives","Male 15-24 yr","1995","UNSD_MDGInfo CDROM_Oct2007 (National figure)","Percent","98.0","2"
"Maldives","Male 15-24 yr","1990","UNSD_MDGInfo CDROM_Oct2007 (National figure)","Percent","98.0","2"
"Mali","Female 15-24 yr","1998","UNSD_MDGInfo CDROM_Oct2007 (National figure)","Percent","16.9","2"
"Mali","Male 15-24 yr","1998","UNSD_MDGInfo CDROM_Oct2007 (National figure)","Percent","32.3","2"
"Malta","Female 15-24 yr","1995","UNSD_MDGInfo CDROM_Oct2007 (National figure)","Percent","97.8","2"
"Malta","Male 15-24 yr","1995","UNSD_MDGInfo CDROM_Oct2007 (National figure)","Percent","94.4","2"
"Mauritania","Female 15-24 yr","2000","UNSD_MDGInfo CDROM_Oct2007 (National figure)","Percent","55.5","2"
"Mauritania","Male 15-24 yr","2000","UNSD_MDGInfo CDROM_Oct2007 (National figure)","Percent","67.7","2"
"Mauritius","Female 15-24 yr","2000","UNSD_MDGInfo CDROM_Oct2007 (National figure)","Percent","95.4","2"
"Mauritius","Female 15-24 yr","1990","UNSD_MDGInfo CDROM_Oct2007 (National figure)","Percent","91.7","2"
"Mauritius","Male 15-24 yr","2000","UNSD_MDGInfo CDROM_Oct2007 (National figure)","Percent","93.7","2"
"Mauritius","Male 15-24 yr","1990","UNSD_MDGInfo CDROM_Oct2007 (National figure)","Percent","90.7","2"
"Mexico","Female 15-24 yr","2005","UNSD_MDGInfo CDROM_Oct2007 (National figure)","Percent","97.6","2"
"Mexico","Female 15-24 yr","2004","UNSD_MDGInfo CDROM_Oct2007 (National figure)","Percent","97.6","1"
"Mexico","Female 15-24 yr","2002","UNSD_MDGInfo CDROM_Oct2007 (National figure)","Percent","97.3","1"
"Mexico","Female 15-24 yr","2000","UNSD_MDGInfo CDROM_Oct2007 (National figure)","Percent","96.5","2"
"Mexico","Female 15-24 yr","1990","UNSD_MDGInfo CDROM_Oct2007 (National figure)","Percent","94.9","2"
"Mexico","Male 15-24 yr","2005","UNSD_MDGInfo CDROM_Oct2007 (National figure)","Percent","97.6","2"
"Mexico","Male 15-24 yr","2004","UNSD_MDGInfo CDROM_Oct2007 (National figure)","Percent","97.5","1"
"Mexico","Male 15-24 yr","2002","UNSD_MDGInfo CDROM_Oct2007 (National figure)","Percent","97.9","1"
"Mexico","Male 15-24 yr","2000","UNSD_MDGInfo CDROM_Oct2007 (National figure)","Percent","96.8","2"
"Mexico","Male 15-24 yr","1990","UNSD_MDGInfo CDROM_Oct2007 (National figure)","Percent","96.0","2"
"Mongolia","Female 15-24 yr","2000","UNSD_MDGInfo CDROM_Oct2007 (National figure)","Percent","98.4","2"
"Mongolia","Male 15-24 yr","2000","UNSD_MDGInfo CDROM_Oct2007 (National figure)","Percent","97.0","2"
"Morocco","Female 15-24 yr","2004","UNSD_MDGInfo CDROM_Oct2007 (National figure)","Percent","60.5","2"
"Morocco","Female 15-24 yr","1994","UNSD_MDGInfo CDROM_Oct2007 (National figure)","Percent","46.0","2"
"Morocco","Male 15-24 yr","2004","UNSD_MDGInfo CDROM_Oct2007 (National figure)","Percent","80.8","2"
"Morocco","Male 15-24 yr","1994","UNSD_MDGInfo CDROM_Oct2007 (National figure)","Percent","71.4","2"
"Mozambique","Female 15-24 yr","1997","UNSD_MDGInfo CDROM_Oct2007 (National figure)","Percent","36.6","2"
"Mozambique","Male 15-24 yr","1997","UNSD_MDGInfo CDROM_Oct2007 (National figure)","Percent","59.5","2"
"Myanmar","Female 15-24 yr","2000","UNSD_MDGInfo CDROM_Oct2007 (National figure)","Percent","93.4","1"
"Myanmar","Male 15-24 yr","2000","UNSD_MDGInfo CDROM_Oct2007 (National figure)","Percent","95.7","1"
"Namibia","Female 15-24 yr","2001","UNSD_MDGInfo CDROM_Oct2007 (National figure)","Percent","93.5","2"
"Namibia","Female 15-24 yr","1991","UNSD_MDGInfo CDROM_Oct2007 (National figure)","Percent","90.4","2"
"Namibia","Male 15-24 yr","2001","UNSD_MDGInfo CDROM_Oct2007 (National figure)","Percent","91.2","2"
"Namibia","Male 15-24 yr","1991","UNSD_MDGInfo CDROM_Oct2007 (National figure)","Percent","85.7","2"
"Nepal","Female 15-24 yr","2001","UNSD_MDGInfo CDROM_Oct2007 (National figure)","Percent","60.1","2"
"Nepal","Female 15-24 yr","1991","UNSD_MDGInfo CDROM_Oct2007 (National figure)","Percent","32.7","2"
"Nepal","Male 15-24 yr","2001","UNSD_MDGInfo CDROM_Oct2007 (National figure)","Percent","80.6","2"
"Nepal","Male 15-24 yr","1991","UNSD_MDGInfo CDROM_Oct2007 (National figure)","Percent","68.2","2"
"Netherlands Antilles","Female 15-24 yr","2004","UNSD_MDGInfo CDROM_Oct2007 (International estimate)","Percent","98.1","3"
"Netherlands Antilles","Female 15-24 yr","1992","UNSD_MDGInfo CDROM_Oct2007 (National figure)","Percent","97.3","2"
"Netherlands Antilles","Male 15-24 yr","2004","UNSD_MDGInfo CDROM_Oct2007 (International estimate)","Percent","97.9","3"
"Netherlands Antilles","Male 15-24 yr","1992","UNSD_MDGInfo CDROM_Oct2007 (National figure)","Percent","96.6","2"
"New Caledonia","Female 15-24 yr","1996","UNSD_MDGInfo CDROM_Oct2007 (National figure)","Percent","99.1","2"
"New Caledonia","Male 15-24 yr","1996","UNSD_MDGInfo CDROM_Oct2007 (National figure)","Percent","99.0","2"
"Nicaragua","Female 15-24 yr","2001","UNSD_MDGInfo CDROM_Oct2007 (National figure)","Percent","88.8","1"
"Nicaragua","Male 15-24 yr","2001","UNSD_MDGInfo CDROM_Oct2007 (National figure)","Percent","83.6","1"
"Niger","Female 15-24 yr","2005","UNSD_MDGInfo CDROM_Oct2007 (National figure)","Percent","23.2","1"
"Niger","Male 15-24 yr","2005","UNSD_MDGInfo CDROM_Oct2007 (National figure)","Percent","52.4","1"
"Nigeria","Female 15-24 yr","2004","UNSD_MDGInfo CDROM_Oct2007 (International estimate)","Percent","81.3","3"
"Nigeria","Female 15-24 yr","1991","UNSD_MDGInfo CDROM_Oct2007 (National figure)","Percent","62.5","2"
"Nigeria","Male 15-24 yr","2004","UNSD_MDGInfo CDROM_Oct2007 (International estimate)","Percent","87.0","3"
"Nigeria","Male 15-24 yr","1991","UNSD_MDGInfo CDROM_Oct2007 (National figure)","Percent","81.4","2"
"Oman","Female 15-24 yr","2003","UNSD_MDGInfo CDROM_Oct2007 (National figure)","Percent","96.7","2"
"Oman","Male 15-24 yr","2003","UNSD_MDGInfo CDROM_Oct2007 (National figure)","Percent","97.9","2"
"Pakistan","Female 15-24 yr","2005","UNSD_MDGInfo CDROM_Oct2007 (National figure)","Percent","53.1","1"
"Pakistan","Female 15-24 yr","1998","UNSD_MDGInfo CDROM_Oct2007 (National figure)","Percent","43.1","2"
"Pakistan","Male 15-24 yr","2005","UNSD_MDGInfo CDROM_Oct2007 (National figure)","Percent","76.7","1"
"Pakistan","Male 15-24 yr","1998","UNSD_MDGInfo CDROM_Oct2007 (National figure)","Percent","67.1","2"
"Palestinian Territory, Occupied","Female 15-24 yr","2004","UNSD_MDGInfo CDROM_Oct2007 (National figure)","Percent","98.8","1"
"Palestinian Territory, Occupied","Female 15-24 yr","1997","UNSD_MDGInfo CDROM_Oct2007 (National figure)","Percent","97.2","2"
"Palestinian Territory, Occupied","Male 15-24 yr","2004","UNSD_MDGInfo CDROM_Oct2007 (National figure)","Percent","99.1","1"
"Palestinian Territory, Occupied","Male 15-24 yr","1997","UNSD_MDGInfo CDROM_Oct2007 (National figure)","Percent","96.9","2"
"Panama","Female 15-24 yr","2000","UNSD_MDGInfo CDROM_Oct2007 (National figure)","Percent","95.6","2"
"Panama","Female 15-24 yr","1990","UNSD_MDGInfo CDROM_Oct2007 (National figure)","Percent","94.8","2"
"Panama","Male 15-24 yr","2000","UNSD_MDGInfo CDROM_Oct2007 (National figure)","Percent","96.5","2"
"Panama","Male 15-24 yr","1990","UNSD_MDGInfo CDROM_Oct2007 (National figure)","Percent","95.4","2"
"Papua New Guinea","Female 15-24 yr","2000","UNSD_MDGInfo CDROM_Oct2007 (National figure)","Percent","64.1","2"
"Papua New Guinea","Male 15-24 yr","2000","UNSD_MDGInfo CDROM_Oct2007 (National figure)","Percent","69.1","2"
"Paraguay","Female 15-24 yr","2004","UNSD_MDGInfo CDROM_Oct2007 (International estimate)","Percent","96.1","3"
"Paraguay","Female 15-24 yr","1992","UNSD_MDGInfo CDROM_Oct2007 (National figure)","Percent","95.4","2"
"Paraguay","Male 15-24 yr","2004","UNSD_MDGInfo CDROM_Oct2007 (International estimate)","Percent","95.7","3"
"Paraguay","Male 15-24 yr","1992","UNSD_MDGInfo CDROM_Oct2007 (National figure)","Percent","95.9","2"
"Peru","Female 15-24 yr","2005","UNSD_MDGInfo CDROM_Oct2007 (National figure)","Percent","96.3","1"
"Peru","Female 15-24 yr","2004","UNSD_MDGInfo CDROM_Oct2007 (National figure)","Percent","95.7","1"
"Peru","Female 15-24 yr","1993","UNSD_MDGInfo CDROM_Oct2007 (National figure)","Percent","93.8","2"
"Peru","Male 15-24 yr","2005","UNSD_MDGInfo CDROM_Oct2007 (National figure)","Percent","97.9","1"
"Peru","Male 15-24 yr","2004","UNSD_MDGInfo CDROM_Oct2007 (National figure)","Percent","97.8","1"
"Peru","Male 15-24 yr","1993","UNSD_MDGInfo CDROM_Oct2007 (National figure)","Percent","97.0","2"
"Philippines","Female 15-24 yr","2003","UNSD_MDGInfo CDROM_Oct2007 (National figure)","Percent","96.6","1"
"Philippines","Female 15-24 yr","2000","UNSD_MDGInfo CDROM_Oct2007 (National figure)","Percent","95.7","2"
"Philippines","Female 15-24 yr","1990","UNSD_MDGInfo CDROM_Oct2007 (National figure)","Percent","96.9","2"
"Philippines","Male 15-24 yr","2003","UNSD_MDGInfo CDROM_Oct2007 (National figure)","Percent","93.6","1"
"Philippines","Male 15-24 yr","2000","UNSD_MDGInfo CDROM_Oct2007 (National figure)","Percent","94.5","2"
"Philippines","Male 15-24 yr","1990","UNSD_MDGInfo CDROM_Oct2007 (National figure)","Percent","96.3","2"
"Portugal","Female 15-24 yr","2004","UNSD_MDGInfo CDROM_Oct2007 (International estimate)","Percent","99.6","3"
"Portugal","Female 15-24 yr","1991","UNSD_MDGInfo CDROM_Oct2007 (National figure)","Percent","99.3","2"
"Portugal","Male 15-24 yr","2004","UNSD_MDGInfo CDROM_Oct2007 (International estimate)","Percent","99.6","3"
"Portugal","Male 15-24 yr","1991","UNSD_MDGInfo CDROM_Oct2007 (National figure)","Percent","99.1","2"
"Puerto Rico","Female 15-24 yr","2004","UNSD_MDGInfo CDROM_Oct2007 (International estimate)","Percent","86.3","3"
"Puerto Rico","Female 15-24 yr","1990","UNSD_MDGInfo CDROM_Oct2007 (National figure)","Percent","94.1","2"
"Puerto Rico","Male 15-24 yr","2004","UNSD_MDGInfo CDROM_Oct2007 (International estimate)","Percent","86.5","3"
"Puerto Rico","Male 15-24 yr","1990","UNSD_MDGInfo CDROM_Oct2007 (National figure)","Percent","92.2","2"
"Qatar","Female 15-24 yr","2004","UNSD_MDGInfo CDROM_Oct2007 (National figure)","Percent","97.5","2"
"Qatar","Female 15-24 yr","1997","UNSD_MDGInfo CDROM_Oct2007 (National figure)","Percent","95.8","2"
"Qatar","Male 15-24 yr","2004","UNSD_MDGInfo CDROM_Oct2007 (National figure)","Percent","94.9","2"
"Qatar","Male 15-24 yr","1997","UNSD_MDGInfo CDROM_Oct2007 (National figure)","Percent","94.1","2"
"Republic of Moldova","Female 15-24 yr","2004","UNSD_MDGInfo CDROM_Oct2007 (International estimate)","Percent","99.7","3"
"Republic of Moldova","Male 15-24 yr","2004","UNSD_MDGInfo CDROM_Oct2007 (International estimate)","Percent","99.7","3"
"Romania","Female 15-24 yr","2002","UNSD_MDGInfo CDROM_Oct2007 (National figure)","Percent","97.8","2"
"Romania","Female 15-24 yr","1992","UNSD_MDGInfo CDROM_Oct2007 (National figure)","Percent","99.0","2"
"Romania","Male 15-24 yr","2002","UNSD_MDGInfo CDROM_Oct2007 (National figure)","Percent","97.7","2"
"Romania","Male 15-24 yr","1992","UNSD_MDGInfo CDROM_Oct2007 (National figure)","Percent","99.2","2"
"Russian Federation","Female 15-24 yr","2002","UNSD_MDGInfo CDROM_Oct2007 (National figure)","Percent","99.8","2"
"Russian Federation","Male 15-24 yr","2002","UNSD_MDGInfo CDROM_Oct2007 (National figure)","Percent","99.7","2"
"Rwanda","Female 15-24 yr","2000","UNSD_MDGInfo CDROM_Oct2007 (National figure)","Percent","76.9","1"
"Rwanda","Male 15-24 yr","2000","UNSD_MDGInfo CDROM_Oct2007 (National figure)","Percent","78.5","1"
"Samoa","Female 15-24 yr","2004","UNSD_MDGInfo CDROM_Oct2007 (International estimate)","Percent","99.4","3"
"Samoa","Female 15-24 yr","1994","UNSD_MDGInfo CDROM_Oct2007 (International estimate)","Percent","99.1","3"
"Samoa","Male 15-24 yr","2004","UNSD_MDGInfo CDROM_Oct2007 (International estimate)","Percent","99.3","3"
"Samoa","Male 15-24 yr","1994","UNSD_MDGInfo CDROM_Oct2007 (International estimate)","Percent","99.2","3"
"Sao Tome and Principe","Female 15-24 yr","2001","UNSD_MDGInfo CDROM_Oct2007 (National figure)","Percent","94.9","2"
"Sao Tome and Principe","Female 15-24 yr","1991","UNSD_MDGInfo CDROM_Oct2007 (National figure)","Percent","91.9","2"
"Sao Tome and Principe","Male 15-24 yr","2001","UNSD_MDGInfo CDROM_Oct2007 (National figure)","Percent","96.0","2"
"Sao Tome and Principe","Male 15-24 yr","1991","UNSD_MDGInfo CDROM_Oct2007 (National figure)","Percent","95.8","2"
"Saudi Arabia","Female 15-24 yr","2004","UNSD_MDGInfo CDROM_Oct2007 (National figure)","Percent","94.7","2"
"Saudi Arabia","Female 15-24 yr","2000","UNSD_MDGInfo CDROM_Oct2007 (National figure)","Percent","93.7","1"
"Saudi Arabia","Female 15-24 yr","1992","UNSD_MDGInfo CDROM_Oct2007 (National figure)","Percent","81.1","2"
"Saudi Arabia","Male 15-24 yr","2004","UNSD_MDGInfo CDROM_Oct2007 (National figure)","Percent","97.0","2"
"Saudi Arabia","Male 15-24 yr","2000","UNSD_MDGInfo CDROM_Oct2007 (National figure)","Percent","98.1","1"
"Saudi Arabia","Male 15-24 yr","1992","UNSD_MDGInfo CDROM_Oct2007 (National figure)","Percent","94.0","2"
"Senegal","Female 15-24 yr","2002","UNSD_MDGInfo CDROM_Oct2007 (National figure)","Percent","41.0","1"
"Senegal","Male 15-24 yr","2002","UNSD_MDGInfo CDROM_Oct2007 (National figure)","Percent","58.5","1"
"Serbia and Montenegro","Female 15-24 yr","2002","UNSD_MDGInfo CDROM_Oct2007 (National figure)","Percent","99.3","5"
"Serbia and Montenegro","Female 15-24 yr","1991","UNSD_MDGInfo CDROM_Oct2007 (National figure)","Percent","98.1","2"
"Serbia and Montenegro","Male 15-24 yr","2002","UNSD_MDGInfo CDROM_Oct2007 (National figure)","Percent","99.4","5"
"Serbia and Montenegro","Male 15-24 yr","1991","UNSD_MDGInfo CDROM_Oct2007 (National figure)","Percent","99.0","2"
"Seychelles","Female 15-24 yr","2002","UNSD_MDGInfo CDROM_Oct2007 (National figure)","Percent","99.4","2"
"Seychelles","Female 15-24 yr","1994","UNSD_MDGInfo CDROM_Oct2007 (National figure)","Percent","99.1","2"
"Seychelles","Male 15-24 yr","2002","UNSD_MDGInfo CDROM_Oct2007 (National figure)","Percent","98.8","2"
"Seychelles","Male 15-24 yr","1994","UNSD_MDGInfo CDROM_Oct2007 (National figure)","Percent","98.5","2"
"Sierra Leone","Female 15-24 yr","2004","UNSD_MDGInfo CDROM_Oct2007 (National figure)","Percent","37.4","2"
"Sierra Leone","Male 15-24 yr","2004","UNSD_MDGInfo CDROM_Oct2007 (National figure)","Percent","59.6","2"
"Singapore","Female 15-24 yr","2000","UNSD_MDGInfo CDROM_Oct2007 (National figure)","Percent","99.6","2"
"Singapore","Female 15-24 yr","1990","UNSD_MDGInfo CDROM_Oct2007 (National figure)","Percent","99.1","2"
"Singapore","Male 15-24 yr","2000","UNSD_MDGInfo CDROM_Oct2007 (National figure)","Percent","99.4","2"
"Singapore","Male 15-24 yr","1990","UNSD_MDGInfo CDROM_Oct2007 (National figure)","Percent","98.9","2"
"Slovenia","Female 15-24 yr","2004","UNSD_MDGInfo CDROM_Oct2007 (International estimate)","Percent","99.9","3"
"Slovenia","Female 15-24 yr","1991","UNSD_MDGInfo CDROM_Oct2007 (National figure)","Percent","99.8","2"
"Slovenia","Male 15-24 yr","2004","UNSD_MDGInfo CDROM_Oct2007 (International estimate)","Percent","99.8","3"
"Slovenia","Male 15-24 yr","1991","UNSD_MDGInfo CDROM_Oct2007 (National figure)","Percent","99.7","2"
"South Africa","Female 15-24 yr","1996","UNSD_MDGInfo CDROM_Oct2007 (National figure)","Percent","94.3","2"
"South Africa","Male 15-24 yr","1996","UNSD_MDGInfo CDROM_Oct2007 (National figure)","Percent","93.5","2"
"Spain","Female 15-24 yr","1991","UNSD_MDGInfo CDROM_Oct2007 (National figure)","Percent","99.6","2"
"Spain","Male 15-24 yr","1991","UNSD_MDGInfo CDROM_Oct2007 (National figure)","Percent","99.5","2"
"Sri Lanka","Female 15-24 yr","2001","UNSD_MDGInfo CDROM_Oct2007 (National figure)","Percent","96.1","6"
"Sri Lanka","Male 15-24 yr","2001","UNSD_MDGInfo CDROM_Oct2007 (National figure)","Percent","95.1","6"
"Sudan","Female 15-24 yr","2000","UNSD_MDGInfo CDROM_Oct2007 (National figure)","Percent","71.4","7"
"Sudan","Male 15-24 yr","2000","UNSD_MDGInfo CDROM_Oct2007 (National figure)","Percent","84.6","7"
"Suriname","Female 15-24 yr","2004","UNSD_MDGInfo CDROM_Oct2007 (National figure)","Percent","94.1","2"
"Suriname","Male 15-24 yr","2004","UNSD_MDGInfo CDROM_Oct2007 (National figure)","Percent","95.6","2"
"Swaziland","Female 15-24 yr","2000","UNSD_MDGInfo CDROM_Oct2007 (National figure)","Percent","89.8","1"
"Swaziland","Male 15-24 yr","2000","UNSD_MDGInfo CDROM_Oct2007 (National figure)","Percent","87.0","1"
"Syria","Female 15-24 yr","2004","UNSD_MDGInfo CDROM_Oct2007 (National figure)","Percent","90.2","2"
"Syria","Female 15-24 yr","2002","UNSD_MDGInfo CDROM_Oct2007 (National figure)","Percent","93.0","1"
"Syria","Male 15-24 yr","2004","UNSD_MDGInfo CDROM_Oct2007 (National figure)","Percent","94.6","2"
"Syria","Male 15-24 yr","2002","UNSD_MDGInfo CDROM_Oct2007 (National figure)","Percent","97.1","1"
"Tajikistan","Female 15-24 yr","2000","UNSD_MDGInfo CDROM_Oct2007 (National figure)","Percent","99.8","2"
"Tajikistan","Male 15-24 yr","2000","UNSD_MDGInfo CDROM_Oct2007 (National figure)","Percent","99.8","2"
"Tanzania","Female 15-24 yr","2002","UNSD_MDGInfo CDROM_Oct2007 (National figure)","Percent","76.2","2"
"Tanzania","Male 15-24 yr","2002","UNSD_MDGInfo CDROM_Oct2007 (National figure)","Percent","80.9","2"
"Thailand","Female 15-24 yr","2000","UNSD_MDGInfo CDROM_Oct2007 (National figure)","Percent","97.8","2"
"Thailand","Male 15-24 yr","2000","UNSD_MDGInfo CDROM_Oct2007 (National figure)","Percent","98.1","2"
"Togo","Female 15-24 yr","2000","UNSD_MDGInfo CDROM_Oct2007 (National figure)","Percent","63.6","1"
"Togo","Male 15-24 yr","2000","UNSD_MDGInfo CDROM_Oct2007 (National figure)","Percent","83.7","1"
"Tonga","Female 15-24 yr","1996","UNSD_MDGInfo CDROM_Oct2007 (National figure)","Percent","99.4","2"
"Tonga","Male 15-24 yr","1996","UNSD_MDGInfo CDROM_Oct2007 (National figure)","Percent","99.3","2"
"Trinidad and Tobago","Female 15-24 yr","2004","UNSD_MDGInfo CDROM_Oct2007 (International estimate)","Percent","99.5","3"
"Trinidad and Tobago","Female 15-24 yr","1994","UNSD_MDGInfo CDROM_Oct2007 (International estimate)","Percent","99.3","3"
"Trinidad and Tobago","Male 15-24 yr","2004","UNSD_MDGInfo CDROM_Oct2007 (International estimate)","Percent","99.5","3"
"Trinidad and Tobago","Male 15-24 yr","1994","UNSD_MDGInfo CDROM_Oct2007 (International estimate)","Percent","99.3","3"
"Tunisia","Female 15-24 yr","2004","UNSD_MDGInfo CDROM_Oct2007 (National figure)","Percent","92.2","2"
"Tunisia","Male 15-24 yr","2004","UNSD_MDGInfo CDROM_Oct2007 (National figure)","Percent","96.4","2"
"Turkey","Female 15-24 yr","2004","UNSD_MDGInfo CDROM_Oct2007 (National figure)","Percent","93.3","1"
"Turkey","Female 15-24 yr","1990","UNSD_MDGInfo CDROM_Oct2007 (National figure)","Percent","88.4","2"
"Turkey","Male 15-24 yr","2004","UNSD_MDGInfo CDROM_Oct2007 (National figure)","Percent","98.0","1"
"Turkey","Male 15-24 yr","1990","UNSD_MDGInfo CDROM_Oct2007 (National figure)","Percent","96.6","2"
"Turkmenistan","Female 15-24 yr","1995","UNSD_MDGInfo CDROM_Oct2007 (National figure)","Percent","99.8","2"
"Turkmenistan","Male 15-24 yr","1995","UNSD_MDGInfo CDROM_Oct2007 (National figure)","Percent","99.8","2"
"Uganda","Female 15-24 yr","2002","UNSD_MDGInfo CDROM_Oct2007 (National figure)","Percent","71.2","2"
"Uganda","Female 15-24 yr","1991","UNSD_MDGInfo CDROM_Oct2007 (National figure)","Percent","63.1","2"
"Uganda","Male 15-24 yr","2002","UNSD_MDGInfo CDROM_Oct2007 (National figure)","Percent","82.7","2"
"Uganda","Male 15-24 yr","1991","UNSD_MDGInfo CDROM_Oct2007 (National figure)","Percent","77.2","2"
"Ukraine","Female 15-24 yr","2001","UNSD_MDGInfo CDROM_Oct2007 (National figure)","Percent","99.8","2"
"Ukraine","Male 15-24 yr","2001","UNSD_MDGInfo CDROM_Oct2007 (National figure)","Percent","99.8","2"
"United Arab Emirates","Female 15-24 yr","2004","UNSD_MDGInfo CDROM_Oct2007 (International estimate)","Percent","95.5","3"
"United Arab Emirates","Female 15-24 yr","1994","UNSD_MDGInfo CDROM_Oct2007 (International estimate)","Percent","91.3","3"
"United Arab Emirates","Male 15-24 yr","2004","UNSD_MDGInfo CDROM_Oct2007 (International estimate)","Percent","97.9","3"
"United Arab Emirates","Male 15-24 yr","1994","UNSD_MDGInfo CDROM_Oct2007 (International estimate)","Percent","95.2","3"
"Uruguay","Female 15-24 yr","1996","UNSD_MDGInfo CDROM_Oct2007 (National figure)","Percent","99.0","2"
"Uruguay","Male 15-24 yr","1996","UNSD_MDGInfo CDROM_Oct2007 (National figure)","Percent","98.2","2"
"Venezuela","Female 15-24 yr","2001","UNSD_MDGInfo CDROM_Oct2007 (National figure)","Percent","98.1","2"
"Venezuela","Female 15-24 yr","1990","UNSD_MDGInfo CDROM_Oct2007 (National figure)","Percent","96.4","2"
"Venezuela","Male 15-24 yr","2001","UNSD_MDGInfo CDROM_Oct2007 (National figure)","Percent","96.3","2"
"Venezuela","Male 15-24 yr","1990","UNSD_MDGInfo CDROM_Oct2007 (National figure)","Percent","94.5","2"
"Vietnam","Female 15-24 yr","1999","UNSD_MDGInfo CDROM_Oct2007 (National figure)","Percent","93.6","2"
"Vietnam","Male 15-24 yr","1999","UNSD_MDGInfo CDROM_Oct2007 (National figure)","Percent","94.2","2"
"Yemen","Female 15-24 yr","2004","UNSD_MDGInfo CDROM_Oct2007 (International estimate)","Percent","58.9","3"
"Yemen","Female 15-24 yr","1994","UNSD_MDGInfo CDROM_Oct2007 (National figure)","Percent","35.4","2"
"Yemen","Male 15-24 yr","2004","UNSD_MDGInfo CDROM_Oct2007 (International estimate)","Percent","90.7","3"
"Yemen","Male 15-24 yr","1994","UNSD_MDGInfo CDROM_Oct2007 (National figure)","Percent","82.8","2"
"Zambia","Female 15-24 yr","1999","UNSD_MDGInfo CDROM_Oct2007 (National figure)","Percent","66.2","1"
"Zambia","Female 15-24 yr","1990","UNSD_MDGInfo CDROM_Oct2007 (National figure)","Percent","65.5","2"
"Zambia","Male 15-24 yr","1999","UNSD_MDGInfo CDROM_Oct2007 (National figure)","Percent","72.6","1"
"Zambia","Male 15-24 yr","1990","UNSD_MDGInfo CDROM_Oct2007 (National figure)","Percent","67.3","2"
"Zimbabwe","Female 15-24 yr","2004","UNSD_MDGInfo CDROM_Oct2007 (International estimate)","Percent","97.9","3"
"Zimbabwe","Female 15-24 yr","1992","UNSD_MDGInfo CDROM_Oct2007 (National figure)","Percent","94.4","2"
"Zimbabwe","Male 15-24 yr","2004","UNSD_MDGInfo CDROM_Oct2007 (International estimate)","Percent","97.5","3"
"Zimbabwe","Male 15-24 yr","1992","UNSD_MDGInfo CDROM_Oct2007 (National figure)","Percent","96.5","2"

"fnSeqID","Footnote"
"1","Survey."
"2","Census."
"3","UNESCO Institute of Statistics estimates."
"4","India: data exclude 3 sub-divisions."
"5","Census. Serbia and Montenegro: data exclude Kosovo and Metohia."
"6","Sri Lanka: data represent 18 of 25 districts."
"7","Sudan: Data are for North Sudan only."
